source,method,detected_cards,object_ids,bits,statuses,card_scores,entropy,local_contrast,foreground_ratio,components,plausible_components,tiny_specks,review_score
Snapshot_2026-07-25_09-47-35.png,baseline,1,7,00011011,exact,0.916,6.856082872475683,6.311120986938477,0.024699074074074075,176,155,20,4.222662448883057
Snapshot_2026-07-25_09-47-35.png,autocontrast,2,10 | 1,11100101 | 00110110,corrected | exact,0.823 | 0.924,6.822830991792676,10.308117866516113,0.03894627700617284,195,160,30,5.804012298583984
Snapshot_2026-07-25_09-47-35.png,gamma,1,7,00011011,exact,0.917,6.602472002144582,8.664677619934082,0.030300443672839506,296,241,53,5.163976669311523
Snapshot_2026-07-25_09-47-35.png,clahe,3,19 | 10 | 1,01010100 | 11100101 | 00110110,exact | corrected | exact,0.987 | 0.821 | 0.929,7.052515581693804,9.908780097961426,0.042510127314814815,226,195,26,5.4140944480896
Snapshot_2026-07-25_09-47-35.png,flatfield_clahe,3,10 | 10 | 1,11100101 | 10100100 | 00110110,corrected | corrected | exact,0.822 | 0.757 | 0.929,6.179845316268253,26.328014373779297,0.11691454475308642,1358,928,414,6.360250473022461
Snapshot_2026-07-25_09-47-35.png,retinex_clahe,1,1,00110110,exact,0.920,5.130747845064636,8.82744026184082,0.04974537037037037,415,360,51,4.363719463348389
Snapshot_2026-07-25_09-47-40.png,baseline,0,,,,,6.771423956157271,6.476533889770508,0.027176408179012346,181,154,25,4.173897743225098
Snapshot_2026-07-25_09-47-40.png,autocontrast,2,11 | 7,01110011 | 00011011,corrected | exact,0.771 | 0.916,6.7465253803221445,10.439505577087402,0.03985435956790123,215,173,38,5.76011323928833
Snapshot_2026-07-25_09-47-40.png,gamma,1,3,10000000,corrected,0.752,6.515270157366503,9.60112190246582,0.034816261574074074,306,233,69,5.336349964141846
Snapshot_2026-07-25_09-47-40.png,clahe,2,5 | 1,10101110 | 00110110,corrected | exact,0.799 | 0.924,6.963547749744894,10.281296730041504,0.043090277777777776,243,215,24,5.600978851318359
Snapshot_2026-07-25_09-47-40.png,flatfield_clahe,4,? | 5 | 10 | 1,11111110 | 10101110 | 11100110 | 01110110,nostart | corrected | corrected | corrected,0.357 | 0.801 | 0.796 | 0.791,6.1812975884894845,27.633520126342773,0.12286072530864198,1821,1217,594,5.883862495422363
Snapshot_2026-07-25_09-47-40.png,retinex_clahe,1,1,00110110,exact,0.921,5.181168893705192,9.351158142089844,0.04974778163580247,381,319,58,4.582867622375488
Snapshot_2026-07-25_09-47-42.png,baseline,0,,,,,6.872505037346357,6.232608318328857,0.024698591820987655,190,173,17,4.191187381744385
Snapshot_2026-07-25_09-47-42.png,autocontrast,2,11 | 7,01110011 | 00011011,corrected | exact,0.772 | 0.925,6.844125778345595,10.178897857666016,0.03640528549382716,219,180,35,5.840559005737305
Snapshot_2026-07-25_09-47-42.png,gamma,1,10,11100110,corrected,0.494,6.617480828643157,8.793408393859863,0.02833670910493827,327,254,73,5.1953277587890625
Snapshot_2026-07-25_09-47-42.png,clahe,2,10 | 7,11100101 | 00011011,corrected | exact,0.819 | 0.925,7.056342843210563,10.029458999633789,0.0399170524691358,249,209,37,5.53805685043335
Snapshot_2026-07-25_09-47-42.png,flatfield_clahe,1,10,11100101,corrected,0.818,6.166212572388256,26.803022384643555,0.11239920910493827,1801,1259,534,6.150041103363037
Snapshot_2026-07-25_09-47-42.png,retinex_clahe,1,7,00111011,corrected,0.786,5.023307775812154,7.864443778991699,0.04287085262345679,398,351,46,4.168414115905762
Snapshot_2026-07-25_09-48-39.png,baseline,0,,,,,5.867950773549182,8.219818115234375,0.03524787808641975,132,99,27,4.82961368560791
Snapshot_2026-07-25_09-48-39.png,autocontrast,0,,,,,5.832620514626857,10.542784690856934,0.042919077932098766,180,139,36,5.660423755645752
Snapshot_2026-07-25_09-48-39.png,gamma,0,,,,,5.632003545095651,10.997858047485352,0.07023244598765432,283,219,56,4.574465751647949
Snapshot_2026-07-25_09-48-39.png,clahe,0,,,,,6.149404942398058,11.263495445251465,0.0600829475308642,274,220,47,5.122115135192871
Snapshot_2026-07-25_09-48-39.png,flatfield_clahe,0,,,,,6.011590318397192,33.59816360473633,0.1986260609567901,901,619,278,6.375037670135498
Snapshot_2026-07-25_09-48-39.png,retinex_clahe,0,,,,,6.319367614855658,12.877498626708984,0.1088305362654321,351,281,56,4.155439853668213
Snapshot_2026-07-25_09-51-35.png,baseline,0,,,,,6.0405459336374605,6.462148189544678,0.023759645061728396,103,79,21,4.365804195404053
Snapshot_2026-07-25_09-51-35.png,autocontrast,0,,,,,6.0056564063762305,8.256373405456543,0.02962770061728395,150,110,37,5.078349590301514
Snapshot_2026-07-25_09-51-35.png,gamma,0,,,,,5.772448104055405,8.486125946044922,0.04886911651234568,185,156,24,4.375094413757324
Snapshot_2026-07-25_09-51-35.png,clahe,0,,,,,6.241710260073764,10.015871047973633,0.04796585648148148,334,252,78,4.86588716506958
Snapshot_2026-07-25_09-51-35.png,flatfield_clahe,0,,,,,6.037258045962101,27.961654663085938,0.14092785493827162,920,638,278,6.607662677764893
Snapshot_2026-07-25_09-51-35.png,retinex_clahe,0,,,,,5.906198185229386,9.609903335571289,0.07510609567901234,208,178,21,3.9967827796936035
